id,word,category,samples
1,Hello,Greeting,30
2,Yes,Response,30
3,No,Response,0
4,Thank_You,Courtesy,0
5,Sorry,Courtesy,0
6,Please,Courtesy,0
7,Water,Daily_Needs,0
8,Food,Daily_Needs,0
9,Help,Emergency,0
10,Goodbye,Greeting,0
11,Good_Morning,Greeting,0
12,Good_Afternoon,Greeting,0
13,Good_Evening,Greeting,0
14,Toilet,Daily_Needs,0
15,Hungry,Daily_Needs,0
16,Doctor,Emergency,0
17,Hospital,Emergency,0
18,Emergency,Emergency,0
19,Stop,Action,0
20,Friend,People,0
21,Family,People,0
22,Study,Education,0
